{
    "shirtSizes": [
      {"size": "SM"}, {"size": "MED"},{"size": "LG"},{"size": "XL"},{"size": "XXL"}
    ],
    "instructions": 
      "Change VALUES to include YOUR actual data and defaults for size and colour",
    "controlDefaults" : {
      "ID": "your student ID",
      "controlFirst": "your first name",
      "controlLast": "your last name",
      "controlSize": "pick a size (must match one in shirtSizes)",
      "controlColour": "pick a colour (must match value of one of radio buttons"  
    }
  }