{
  "January 2024": {
    "Previous Day Doses Administered": 18234,
    "Total Doses Administered": 34563210,
    "Total Doses in Fully Vaccinated Individuals": 23456789,
    "Total Individuals Fully Vaccinated": 11728394
  },
  "February 2024": {
    "Previous Day Doses Administered": 15789,
    "Total Doses Administered": 34789654,
    "Total Doses in Fully Vaccinated Individuals": 23567890,
    "Total Individuals Fully Vaccinated": 11783945
  },
  "March 2024": {
    "Previous Day Doses Administered": 20456,
    "Total Doses Administered": 35123567,
    "Total Doses in Fully Vaccinated Individuals": 23789012,
    "Total Individuals Fully Vaccinated": 11894506
  },
  "April 2024": {
    "Previous Day Doses Administered": 17890,
    "Total Doses Administered": 35456789,
    "Total Doses in Fully Vaccinated Individuals": 23901234,
    "Total Individuals Fully Vaccinated": 11950617
  },
  "May 2024": {
    "Previous Day Doses Administered": 22345,
    "Total Doses Administered": 35789012,
    "Total Doses in Fully Vaccinated Individuals": 24012345,
    "Total Individuals Fully Vaccinated": 12006789
  }
}
