{
    "January 2023": {
      "Previous Day Doses Administered": 15000,
      "Total Doses Administered": 31000000,
      "Total Doses in Fully Vaccinated Individuals": 20000000,
      "Total Individuals Fully Vaccinated": 10000000
    },
    "February 2023": {
      "Previous Day Doses Administered": 16000,
      "Total Doses Administered": 31500000,
      "Total Doses in Fully Vaccinated Individuals": 20500000,
      "Total Individuals Fully Vaccinated": 10200000
    },
    "March 2023": {
      "Previous Day Doses Administered": 17000,
      "Total Doses Administered": 32000000,
      "Total Doses in Fully Vaccinated Individuals": 21000000,
      "Total Individuals Fully Vaccinated": 10400000
    },
    "April 2023": {
      "Previous Day Doses Administered": 18000,
      "Total Doses Administered": 32500000,
      "Total Doses in Fully Vaccinated Individuals": 21500000,
      "Total Individuals Fully Vaccinated": 10600000
    },
    "May 2023": {
      "Previous Day Doses Administered": 19000,
      "Total Doses Administered": 33000000,
      "Total Doses in Fully Vaccinated Individuals": 22000000,
      "Total Individuals Fully Vaccinated": 10800000
    },
    "June 2023": {
      "Previous Day Doses Administered": 20000,
      "Total Doses Administered": 33500000,
      "Total Doses in Fully Vaccinated Individuals": 22500000,
      "Total Individuals Fully Vaccinated": 11000000
    },
    "July 2023": {
      "Previous Day Doses Administered": 21000,
      "Total Doses Administered": 34000000,
      "Total Doses in Fully Vaccinated Individuals": 23000000,
      "Total Individuals Fully Vaccinated": 11200000
    },
    "August 2023": {
      "Previous Day Doses Administered": 22000,
      "Total Doses Administered": 34500000,
      "Total Doses in Fully Vaccinated Individuals": 23500000,
      "Total Individuals Fully Vaccinated": 11400000
    },
    "September 2023": {
      "Previous Day Doses Administered": 23000,
      "Total Doses Administered": 35000000,
      "Total Doses in Fully Vaccinated Individuals": 24000000,
      "Total Individuals Fully Vaccinated": 11600000
    },
    "October 2023": {
      "Previous Day Doses Administered": 24000,
      "Total Doses Administered": 35500000,
      "Total Doses in Fully Vaccinated Individuals": 24500000,
      "Total Individuals Fully Vaccinated": 11800000
    },
    "November 2023": {
      "Previous Day Doses Administered": 25000,
      "Total Doses Administered": 36000000,
      "Total Doses in Fully Vaccinated Individuals": 25000000,
      "Total Individuals Fully Vaccinated": 12000000
    },
    "December 2023": {
      "Previous Day Doses Administered": 26000,
      "Total Doses Administered": 36500000,
      "Total Doses in Fully Vaccinated Individuals": 25500000,
      "Total Individuals Fully Vaccinated": 12200000
    }
  }
  