{
	"a2Personal" : {
		"myFullName" : "Devinder Chand",
		"sheridanID" : "991717596",
		"sheridanLogin" : "chandde",
		"sheridanProgram" : "Computer Programming",
		"sheridanEmail" : "chandde@sheridancollege.ca"
	},	
	"businessBooks": [
		{"authorName": "John C. Maxwell", "bookTitle": "The 21 Irrefutable Laws of Leadership", "published": 1998},
		{"authorName": "Stephen R. Covey", "bookTitle": "The 7 Habits of Highly Effective People", "published": 1989},
		{"authorName": "Sheryl Sandberg", "bookTitle": "Lean In: Women, Work, and the Will to Lead", "published": 2013},
		{"authorName": "Simon Sinek", "bookTitle": "Start with Why: How Great Leaders Inspire Everyone to Take Action", "published": 2009},
		{"authorName": "Michael E. Gerber", "bookTitle": "The E-Myth Revisited: Why Most Small Businesses Don't Work and What to Do About It", "published": 1995}
	],
	"campusData" : [
		{"campus" : "Davis", "street" : "7899 McLaughlin Blvd", "city" : "Brampton"},
		{"campus" : "HMC", "street" : "4180 Duke of York Blvd", "city" : "Mississauga"},
		{"campus" : "Trafalgar", "street" : "1430 Trafalgar Road", "city" : "Oakville"}
	]
}